[
    {
        "author": "John Doe",
        "category": "Technology",
        "content": "The latest advancements in AI are transforming the tech industry. Companies are leveraging machine learning and neural networks to automate processes and gain insights from vast amounts of data. These technologies are being applied in various fields, from healthcare to finance, revolutionizing the way we approach complex problems.\n\nIn healthcare, AI is used to diagnose diseases, personalize treatment plans, and even predict patient outcomes. AI-powered imaging systems can detect anomalies in medical scans with high accuracy, leading to earlier and more accurate diagnoses. Additionally, AI is being used to analyze patient data to identify trends and predict potential health issues before they become serious problems.\n\nIn finance, AI-driven algorithms are enhancing fraud detection, optimizing trading strategies, and improving customer service through chatbots. Banks and financial institutions are using AI to analyze transaction data and identify suspicious activities in real-time, reducing the risk of fraud. AI is also helping investors make better decisions by analyzing market trends and predicting future movements.\n\nAs AI continues to evolve, ethical considerations and the need for robust data privacy measures remain critical. There are ongoing debates about the ethical implications of AI, particularly regarding job displacement and privacy concerns. Ensuring that AI systems are transparent and accountable is essential for gaining public trust and maximizing the benefits of these technologies.",
        "publicationDate": "19/05/2024",
        "source": "TechNews",
        "title": "Advancements in AI"
    },
    {
        "author": "Jane Smith",
        "category": "Health",
        "content": "New research suggests that a balanced diet can significantly improve mental health. Nutrient-rich foods such as fruits, vegetables, and whole grains provide essential vitamins and minerals that support brain function. Studies show that individuals who maintain a healthy diet are less likely to suffer from depression and anxiety.\n\nAdditionally, diets high in omega-3 fatty acids, found in fish and flaxseeds, have been linked to lower rates of depression. Omega-3s are believed to influence neurotransmitter pathways in the brain, which can affect mood and cognitive function. Incorporating foods rich in omega-3s into one's diet can have a positive impact on mental well-being.\n\nMental health professionals are increasingly recommending dietary changes as a complement to traditional treatments for mental health conditions. This holistic approach recognizes the connection between physical health and mental health. By improving nutrition, individuals can support their mental health and overall well-being.\n\nThis holistic approach to mental wellness is gaining traction among both healthcare providers and patients. Healthcare providers are educating patients about the benefits of a healthy diet, and patients are becoming more proactive in making dietary changes to support their mental health. As awareness grows, more people are recognizing the importance of nutrition in maintaining mental well-being.",
        "publicationDate": "18/05/2024",
        "source": "HealthToday",
        "title": "Diet and Mental Health"
    },
    {
        "author": "Emily Johnson",
        "category": "Environment",
        "content": "Efforts to reduce plastic waste are gaining momentum across the globe. Governments and organizations are implementing policies to ban single-use plastics and promote recycling. These measures are essential for reducing the amount of plastic waste that ends up in landfills and oceans.\n\nInnovative solutions, such as biodegradable materials and reusable products, are being developed to address the plastic pollution crisis. Researchers are working on creating plastics that break down more easily in the environment, reducing their impact on wildlife and ecosystems. Reusable products, such as water bottles and shopping bags, are becoming more popular as people look for ways to reduce their plastic footprint.\n\nCommunity initiatives and educational campaigns are also playing a vital role in raising awareness and encouraging sustainable practices. Local communities are organizing clean-up events and educational programs to inform residents about the importance of reducing plastic waste. These efforts are helping to foster a culture of sustainability and environmental responsibility.\n\nMajor corporations are joining the movement by committing to reduce plastic packaging and invest in alternative materials. Companies are recognizing that reducing plastic waste is not only good for the environment but also beneficial for their brand image. By adopting sustainable practices, corporations can appeal to environmentally conscious consumers and contribute to global efforts to tackle plastic pollution.",
        "publicationDate": "17/05/2024",
        "source": "EcoNews",
        "title": "Reducing Plastic Waste"
    },
    {
        "author": "Michael Brown",
        "category": "Sports",
        "content": "The championship game ended in a thrilling overtime victory. Fans were on the edge of their seats as the two teams battled it out for the title. The game was filled with memorable moments, including a last-minute goal that tied the score and forced the game into overtime.\n\nUltimately, the winning team emerged victorious after a hard-fought match. Players showcased exceptional skills and teamwork, making it a game to remember. The victory was celebrated with an elaborate ceremony, highlighting the team's journey to the championship.\n\nThe game was not only exciting for fans but also significant for the players, who demonstrated perseverance and dedication throughout the season. The championship win is a testament to their hard work and commitment to the sport.\n\nAnalysts are already predicting that this game will go down in history as one of the greatest. The thrilling conclusion and high level of competition have set a new standard for championship games. Fans and players alike will remember this game for years to come.",
        "publicationDate": "16/05/2024",
        "source": "SportsDaily",
        "title": "Championship Game Recap"
    },
    {
        "author": "Sarah Davis",
        "category": "Finance",
        "content": "Stock markets reached new highs amid economic recovery. Investors are optimistic about the future as businesses rebound from the downturn caused by the pandemic. The market surge is being driven by strong performance in key sectors such as technology and healthcare.\n\nIn the technology sector, companies are seeing increased demand for their products and services as digital transformation accelerates. Businesses are investing in new technologies to improve efficiency and adapt to changing market conditions. This trend is boosting the stock prices of tech companies and contributing to overall market growth.\n\nIn the healthcare sector, advancements in medical technology and pharmaceuticals are driving growth. Companies involved in vaccine development and distribution have seen significant gains, as have those developing innovative treatments for various health conditions.\n\nGovernment stimulus measures continue to support the economy, providing financial assistance to businesses and individuals. These measures are helping to stabilize the economy and boost consumer confidence. As a result, spending is increasing, further driving economic recovery.\n\nDespite the positive trends, some analysts caution that the market's rapid rise could lead to volatility. Investors are advised to remain cautious and consider the potential risks associated with market fluctuations. Diversifying investments and staying informed about economic developments can help mitigate these risks.",
        "publicationDate": "15/05/2024",
        "source": "FinanceReport",
        "title": "Stock Market Surge"
    },
    {
        "author": "David Wilson",
        "category": "Science",
        "content": "A recent discovery in quantum physics could pave the way for new technologies. Scientists have observed a phenomenon that could lead to the development of more efficient quantum computers. This breakthrough has the potential to revolutionize fields such as cryptography, materials science, and artificial intelligence.\n\nQuantum computers operate on principles fundamentally different from classical computers, allowing them to solve complex problems much faster. The new discovery enhances the ability of quantum computers to process information, potentially leading to significant advancements in technology and industry.\n\nIn cryptography, quantum computers could enable the creation of unbreakable encryption methods, ensuring secure communication and data protection. This advancement is crucial for maintaining privacy and security in the digital age.\n\nIn materials science, quantum computing can simulate the behavior of materials at the atomic level, leading to the development of new materials with unique properties. These materials could be used in a variety of applications, from electronics to medicine.\n\nThe breakthrough also has implications for artificial intelligence, as quantum computers can handle vast amounts of data more efficiently. This capability could lead to the development of more advanced AI systems, capable of performing tasks that are currently beyond the reach of classical computers.\n\nThe discovery is a significant step forward in the field of quantum physics, but further research and development are needed to fully realize its potential. Scientists and engineers are working to overcome technical challenges and bring quantum computing closer to practical implementation.",
        "publicationDate": "14/05/2024",
        "source": "ScienceDaily",
        "title": "Quantum Physics Breakthrough"
    },
    {
        "author": "Laura Martinez",
        "category": "Travel",
        "content": "Top travel destinations for 2024 include both familiar favorites and emerging hotspots. Countries like Japan, Italy, and New Zealand are attracting tourists with their rich cultures and stunning landscapes.\n\nJapan offers a unique blend of ancient traditions and modern innovations, making it a popular destination for travelers seeking diverse experiences. From the bustling streets of Tokyo to the serene temples of Kyoto, Japan provides a wide range of attractions for visitors.\n\nItaly's historical sites, delicious cuisine, and picturesque landscapes continue to draw tourists from around the world. Visitors can explore the ancient ruins of Rome, enjoy the art and architecture of Florence, or relax in the scenic countryside of Tuscany.\n\nNew Zealand is known for its breathtaking natural beauty, from the rugged mountains to the pristine beaches. Adventure seekers can enjoy activities such as hiking, bungee jumping, and exploring the country's famous fjords.\n\nMeanwhile, destinations such as Iceland and Portugal are gaining popularity for their unique experiences and natural beauty. Iceland offers dramatic landscapes, including geysers, waterfalls, and volcanic craters. Portugal, with its charming towns and coastal scenery, provides a rich cultural experience for travelers.\n\nTravelers are increasingly seeking out destinations that offer not only beautiful scenery but also cultural and historical significance. As the world reopens to travel, these destinations are likely to see a surge in visitors looking to explore and experience new places.",
        "publicationDate": "13/05/2024",
        "source": "TravelWorld",
        "title": "Top Travel Destinations for 2024"
    },
    {
        "author": "Mark Anderson",
        "category": "Politics",
        "content": "Recent elections have brought significant changes to the political landscape. New leaders are promising reforms and policies aimed at addressing key issues such as climate change, healthcare, and economic inequality.\n\nVoter turnout was high, reflecting the public's desire for change and engagement in the political process. Citizens are becoming more active in their communities and holding their leaders accountable for their promises.\n\nClimate change is a major focus for the newly elected leaders. They are proposing ambitious plans to reduce carbon emissions, invest in renewable energy, and protect natural resources. These initiatives are crucial for mitigating the impacts of climate change and ensuring a sustainable future.\n\nHealthcare reform is another priority, with leaders aiming to improve access to medical services and reduce costs. Proposals include expanding healthcare coverage, increasing funding for public health programs, and addressing disparities in healthcare access.\n\nEconomic inequality is being tackled through policies aimed at increasing wages, providing affordable housing, and supporting small businesses. Leaders are advocating for tax reforms and social programs that help lift people out of poverty and create more equitable opportunities.\n\nThe election results have set the stage for significant changes and new policies. Citizens are hopeful that these reforms will lead to a better future and address the pressing issues facing their communities.",
        "publicationDate": "12/05/2024",
        "source": "PoliticalTimes",
        "title": "Election Results and Implications"
    },
    {
        "author": "Nina White",
        "category": "Education",
        "content": "Innovations in education are transforming the way students learn. Technology is playing a key role, with virtual classrooms and online resources becoming increasingly common. These tools provide students with access to a wealth of information and learning opportunities, regardless of their location.\n\nEducators are adopting new teaching methods that emphasize critical thinking, creativity, and collaboration. Project-based learning, for example, encourages students to work together to solve real-world problems, developing skills that are essential for the modern workforce.\n\nThe integration of technology in the classroom is also enhancing personalized learning. Adaptive learning platforms use data to tailor instruction to each student's needs, helping them to progress at their own pace. This approach is particularly beneficial for students with diverse learning styles and abilities.\n\nVirtual reality (VR) and augmented reality (AR) are being used to create immersive learning experiences. These technologies can transport students to different historical periods, simulate scientific experiments, and provide interactive lessons that engage and inspire.\n\nDespite the benefits of technology, educators are also mindful of the need to balance screen time with traditional teaching methods. Developing a well-rounded curriculum that incorporates both digital and hands-on learning is essential for fostering a comprehensive educational experience.\n\nAs education continues to evolve, the focus remains on preparing students for the demands of the modern world. By embracing new technologies and teaching methods, educators are equipping students with the skills they need to succeed in a rapidly changing society.",
        "publicationDate": "11/05/2024",
        "source": "EduNews",
        "title": "Innovations in Education"
    },
    {
        "author": "Kevin Lee",
        "category": "Entertainment",
        "content": "The latest blockbuster film has broken box office records. Featuring an all-star cast and cutting-edge special effects, the movie has captivated audiences worldwide.\n\nCritics are praising the film for its engaging storyline, stunning visuals, and powerful performances. The movie's success is attributed to its combination of a compelling plot and high-quality production values.\n\nThe film's director has been lauded for their creative vision and ability to bring the story to life. The use of innovative techniques and state-of-the-art technology has set a new standard for the industry, inspiring other filmmakers to push the boundaries of their craft.\n\nThe movie's marketing campaign also played a significant role in its success. The studio used a variety of strategies, including social media promotions, exclusive previews, and celebrity endorsements, to generate buzz and attract audiences.\n\nAs the film continues to perform well at the box office, it is expected to be a major contender during awards season. Its success has not only boosted the careers of the cast and crew but also demonstrated the enduring appeal of big-budget productions.\n\nThe blockbuster's achievements highlight the importance of storytelling, innovation, and effective marketing in the entertainment industry. It serves as a reminder that, despite the challenges facing the film industry, there is still a strong appetite for high-quality cinematic experiences.",
        "publicationDate": "10/05/2024",
        "source": "EntertainmentWeekly",
        "title": "Blockbuster Film Breaks Records"
    },
    {
        "author": "Olivia Brown",
        "category": "Lifestyle",
        "content": "Minimalism is becoming a popular lifestyle choice. People are embracing the idea of living with less and focusing on what truly matters.\n\nThis trend is not only about decluttering physical spaces but also about simplifying schedules and reducing mental stress. By eliminating unnecessary possessions and commitments, individuals can create a more balanced and fulfilling life.\n\nMinimalism encourages people to prioritize experiences and relationships over material goods. This shift in focus can lead to greater satisfaction and well-being, as individuals invest more time and energy in meaningful activities and connections.\n\nThe rise of minimalism is also influenced by environmental concerns. By consuming less and making more sustainable choices, individuals can reduce their environmental impact and contribute to a more sustainable future.\n\nThere are many ways to incorporate minimalism into daily life, from adopting a capsule wardrobe to practicing mindful consumption. The key is to identify what is truly important and let go of the rest.\n\nAs more people embrace minimalism, it is becoming a movement that promotes intentional living and a greater appreciation for the simple things in life. By focusing on what truly matters, individuals can find greater happiness and fulfillment.",
        "publicationDate": "09/05/2024",
        "source": "LifestyleMagazine",
        "title": "The Rise of Minimalism"
    },
    {
        "author": "Chris Green",
        "category": "Technology",
        "content": "Electric vehicles (EVs) are on the rise as more consumers seek sustainable transportation options. Major car manufacturers are expanding their EV lineups, offering models with improved range and performance.\n\nGovernment incentives and advancements in charging infrastructure are also contributing to the growing popularity of electric cars. Tax credits, rebates, and grants are making EVs more affordable for consumers, while investments in charging stations are improving accessibility.\n\nThe development of new battery technologies is enhancing the performance and range of electric vehicles. Innovations such as solid-state batteries and fast-charging capabilities are making EVs more practical for everyday use.\n\nEnvironmental benefits are a major driving force behind the shift to electric vehicles. EVs produce zero emissions, reducing air pollution and contributing to efforts to combat climate change. As awareness of environmental issues grows, more consumers are choosing electric cars as a way to reduce their carbon footprint.\n\nThe auto industry is also investing in autonomous driving technology, which is expected to further transform transportation. Self-driving electric vehicles have the potential to improve safety, reduce traffic congestion, and provide new mobility solutions for people with disabilities or limited access to transportation.\n\nAs the market for electric vehicles continues to grow, it is clear that they are an essential part of the future of transportation. The shift to EVs is not only a technological advancement but also a significant step towards a more sustainable and environmentally friendly world.",
        "publicationDate": "08/05/2024",
        "source": "AutoTech",
        "title": "The Future of Electric Vehicles"
    },
    {
        "author": "Sophia Martin",
        "category": "Food",
        "content": "Plant-based diets are gaining popularity as people become more health-conscious. These diets offer numerous benefits, including reduced risk of chronic diseases and a smaller environmental footprint.\n\nA plant-based diet emphasizes whole foods such as fruits, vegetables, grains, and legumes, which are rich in essential nutrients. Studies have shown that these diets can help reduce the risk of heart disease, diabetes, and certain cancers.\n\nIn addition to health benefits, plant-based diets are more sustainable and environmentally friendly. Producing plant-based foods requires fewer resources and generates less greenhouse gas emissions compared to animal-based foods. This makes plant-based diets a more sustainable choice for the planet.\n\nRestaurants and food companies are responding to the trend by offering a wider variety of plant-based options. From plant-based burgers to dairy-free ice cream, consumers have more choices than ever before. This increased availability is making it easier for people to adopt and maintain a plant-based diet.\n\nAs awareness of the benefits of plant-based diets grows, more people are making the switch. Whether motivated by health, environmental concerns, or ethical considerations, individuals are finding that plant-based diets can be both nutritious and satisfying.\n\nThe rise of plant-based diets is a significant shift in the way people approach food and nutrition. As more research supports the benefits of these diets, it is likely that their popularity will continue to grow.",
        "publicationDate": "07/05/2024",
        "source": "FoodieNews",
        "title": "The Rise of Plant-Based Diets"
    },
    {
        "author": "Daniel Clark",
        "category": "Science",
        "content": "Researchers have made a groundbreaking discovery in the field of genetics. A new technique allows for precise editing of the human genome, which could lead to cures for genetic disorders.\n\nThe technique, known as CRISPR-Cas9, enables scientists to make targeted changes to DNA with unprecedented accuracy. This has the potential to correct mutations that cause genetic diseases, offering hope for patients with conditions such as cystic fibrosis, muscular dystrophy, and sickle cell anemia.\n\nClinical trials are already underway to test the safety and effectiveness of CRISPR-based therapies. Early results are promising, with some patients showing significant improvements in their conditions.\n\nThe implications of this discovery extend beyond medicine. CRISPR technology can also be used in agriculture to create crops that are more resistant to pests and environmental stresses. This could lead to higher yields and more sustainable farming practices.\n\nEthical considerations are an important aspect of the discussion surrounding genetic editing. There are concerns about the potential for unintended consequences and the need for strict regulation to ensure responsible use of the technology. Ensuring that genetic editing is used ethically and safely is crucial for gaining public trust and maximizing its benefits.\n\nThe discovery of precise genetic editing is a major milestone in science. It opens up new possibilities for treating diseases, improving agriculture, and understanding the fundamental mechanisms of life.",
        "publicationDate": "06/05/2024",
        "source": "GeneticsToday",
        "title": "Breakthrough in Genetic Editing"
    },
    {
        "author": "Jessica Turner",
        "category": "Environment",
        "content": "Conservation efforts are showing positive results in protecting endangered species. Collaborative initiatives between governments, organizations, and local communities are making a difference.\n\nOne successful example is the recovery of the black rhino population in Africa. Through anti-poaching measures, habitat restoration, and community engagement, the black rhino population has increased in recent years. These efforts demonstrate the importance of comprehensive conservation strategies.\n\nMarine conservation is also seeing progress, with efforts to protect coral reefs and marine life. Establishing marine protected areas, regulating fishing practices, and restoring damaged reefs are helping to preserve these vital ecosystems. Coral reefs are essential for marine biodiversity, and their protection is crucial for maintaining healthy ocean environments.\n\nIn addition to species-specific initiatives, broader environmental policies are being implemented to address issues such as deforestation and climate change. Protecting forests and reducing greenhouse gas emissions are key components of global conservation efforts. These policies aim to create a sustainable balance between human activities and the natural environment.\n\nCommunity involvement is a critical factor in the success of conservation programs. Educating and empowering local communities to take an active role in protecting their natural resources ensures long-term sustainability. Local knowledge and participation are invaluable in developing effective conservation strategies.\n\nThe progress in conservation efforts is encouraging, but continued commitment and collaboration are essential. By working together, we can protect endangered species and preserve the natural world for future generations.",
        "publicationDate": "05/05/2024",
        "source": "EcoWatch",
        "title": "Success in Conservation Efforts"
    },
    {
        "author": "Matthew Johnson",
        "category": "Technology",
        "content": "Virtual reality (VR) is transforming the gaming industry. With advances in VR technology, gamers can now immerse themselves in lifelike virtual worlds.\n\nThe latest VR headsets offer high-resolution displays and precise motion tracking, providing a more realistic and interactive experience. These improvements are making VR gaming more accessible and appealing to a wider audience.\n\nDevelopers are creating innovative VR games that take advantage of the technology's capabilities. From action-packed adventures to relaxing simulations, there is a growing variety of VR experiences available. These games allow players to interact with virtual environments in ways that were previously impossible.\n\nVR is also being used for social gaming, where players can meet and interact with others in virtual spaces. This adds a new dimension to online gaming, creating opportunities for social connection and collaboration.\n\nBeyond entertainment, VR has applications in education, training, and therapy. In education, VR can create immersive learning experiences that enhance understanding and retention. In training, VR simulations can provide realistic practice scenarios for various professions, from medicine to aviation. In therapy, VR is being used to treat conditions such as PTSD and phobias, offering patients a controlled and safe environment for exposure therapy.\n\nThe potential of VR is vast, and its impact on the gaming industry is just the beginning. As technology continues to advance, VR is set to revolutionize many aspects of our lives, offering new ways to learn, work, and play.",
        "publicationDate": "04/05/2024",
        "source": "GamerTech",
        "title": "The Rise of Virtual Reality in Gaming"
    },
    {
        "author": "Rachel Adams",
        "category": "Health",
        "content": "Telemedicine is changing the way healthcare is delivered. With the rise of digital health platforms, patients can now consult with doctors remotely, improving access to medical care.\n\nTelemedicine offers numerous benefits, including convenience and flexibility. Patients can schedule appointments at their convenience, avoiding the need for travel and long wait times. This is particularly beneficial for those living in remote or underserved areas.\n\nDigital health platforms provide secure and confidential communication between patients and healthcare providers. Video consultations, online messaging, and electronic health records are some of the tools used to facilitate remote care. These platforms are designed to ensure patient privacy and data security.\n\nTelemedicine is also enhancing the management of chronic conditions. Patients can regularly monitor their health, track symptoms, and receive timely advice from their healthcare providers. This proactive approach helps prevent complications and improve overall health outcomes.\n\nDuring the COVID-19 pandemic, telemedicine proved to be an essential tool for maintaining healthcare services. It allowed patients to receive care while minimizing the risk of virus transmission. The success of telemedicine during the pandemic has accelerated its adoption and integration into healthcare systems.\n\nDespite its benefits, telemedicine also faces challenges, such as ensuring equitable access to digital tools and addressing regulatory issues. Efforts are being made to overcome these barriers and expand the reach of telemedicine.\n\nThe growth of telemedicine is transforming healthcare delivery, making it more accessible, efficient, and patient-centered. As technology continues to evolve, telemedicine is poised to become a fundamental component of modern healthcare.",
        "publicationDate": "03/05/2024",
        "source": "HealthTech",
        "title": "The Impact of Telemedicine on Healthcare"
    },
    {
        "author": "James Robinson",
        "category": "Finance",
        "content": "Cryptocurrency adoption is on the rise as more businesses and individuals embrace digital currencies. Bitcoin, Ethereum, and other cryptocurrencies are gaining mainstream acceptance as viable payment methods.\n\nMajor companies are now accepting cryptocurrency payments for goods and services, reflecting the growing trust in digital currencies. This trend is being driven by the increasing stability and security of blockchain technology.\n\nInvestors are also showing greater interest in cryptocurrencies, viewing them as a potential hedge against inflation and economic instability. The rise in institutional investment is contributing to the legitimacy and growth of the cryptocurrency market.\n\nBlockchain technology, the foundation of cryptocurrencies, is being adopted across various industries for its transparency and efficiency. From supply chain management to financial services, blockchain is enhancing security and reducing costs.\n\nRegulatory developments are shaping the future of cryptocurrency. Governments around the world are working to create clear guidelines and frameworks to govern the use of digital currencies. These regulations aim to protect consumers, prevent fraud, and ensure the stability of financial systems.\n\nDespite the challenges and volatility associated with cryptocurrencies, their adoption continues to grow. As technology advances and regulations become clearer, cryptocurrencies are likely to become an integral part of the global financial system.",
        "publicationDate": "02/05/2024",
        "source": "CryptoFinance",
        "title": "The Rise of Cryptocurrency"
    },
    {
        "author": "Linda Harris",
        "category": "Environment",
        "content": "Renewable energy sources are becoming more prominent as the world seeks sustainable alternatives to fossil fuels. Wind, solar, and hydropower are leading the charge in the transition to clean energy.\n\nAdvancements in technology are making renewable energy more efficient and cost-effective. Solar panels and wind turbines are now able to generate more power with lower costs, making them competitive with traditional energy sources.\n\nGovernment policies and incentives are playing a crucial role in promoting the adoption of renewable energy. Subsidies, tax credits, and grants are encouraging businesses and consumers to invest in clean energy solutions.\n\nThe environmental benefits of renewable energy are significant. Unlike fossil fuels, renewable sources produce little to no greenhouse gas emissions, helping to combat climate change and reduce air pollution.\n\nThe transition to renewable energy is also creating new economic opportunities. The clean energy sector is generating jobs in manufacturing, installation, and maintenance, contributing to economic growth and development.\n\nDespite the progress, challenges remain in the integration of renewable energy into existing power grids. Issues such as energy storage and grid stability need to be addressed to ensure a reliable and consistent energy supply.\n\nThe shift towards renewable energy is essential for a sustainable future. By continuing to invest in clean energy technologies and infrastructure, we can reduce our dependence on fossil fuels and protect the environment for future generations.",
        "publicationDate": "01/05/2024",
        "source": "GreenEnergy",
        "title": "The Growth of Renewable Energy"
    },
    {
        "author": "Barbara Moore",
        "category": "Travel",
        "content": "Sustainable tourism is gaining momentum as travelers become more conscious of their environmental impact. Eco-friendly practices and responsible travel are becoming key considerations for tourists.\n\nDestinations around the world are adopting sustainable tourism initiatives to protect natural resources and support local communities. These initiatives include promoting eco-friendly accommodations, reducing waste, and encouraging conservation efforts.\n\nTravelers are seeking out destinations that prioritize sustainability and offer unique, environmentally-friendly experiences. Activities such as wildlife conservation tours, organic farm visits, and eco-friendly accommodations are attracting eco-conscious tourists.\n\nThe rise of sustainable tourism is also influencing the travel industry to adopt greener practices. Airlines, hotels, and tour operators are implementing measures to reduce their carbon footprint and promote sustainability. This includes using renewable energy, minimizing waste, and supporting local communities.\n\nEducation and awareness are crucial for promoting sustainable tourism. Travelers are encouraged to learn about the environmental and cultural impacts of their travel choices and to support businesses that prioritize sustainability.\n\nSustainable tourism not only benefits the environment but also enhances the travel experience by fostering a deeper connection with nature and local cultures. As more people embrace sustainable travel, it is helping to create a more responsible and environmentally-conscious tourism industry.",
        "publicationDate": "30/04/2024",
        "source": "TravelEco",
        "title": "The Rise of Sustainable Tourism"
    }
]