[
    {
        "password": "01234",
        "prefrence": "Technology,18/Finance,8/Sports,1/Health,1/",
        "seen": "The latest advancements in AI are transforming the tech industry. Companies are leveraging machine learning and neural networks to automate processes and gain insights from vast amounts of data. These technologies are being applied in various fields, from healthcare to finance, revolutionizing the way we approach complex problems./The latest advancements in AI are transforming the tech industry. Companies are leveraging machine learning and neural networks to automate processes and gain insights from vast amounts of data. These technologies are being applied in various fields, from healthcare to finance, revolutionizing the way we approach complex problems.\n\nIn healthcare, AI is used to diagnose diseases, personalize treatment plans, and even predict patient outcomes. AI-powered imaging systems can detect anomalies in medical scans with high accuracy, leading to earlier and more accurate diagnoses. Additionally, AI is being used to analyze patient data to identify trends and predict potential health issues before they become serious problems.\n\nIn finance, AI-driven algorithms are enhancing fraud detection, optimizing trading strategies, and improving customer service through chatbots. Banks and financial institutions are using AI to analyze transaction data and identify suspicious activities in real-time, reducing the risk of fraud. AI is also helping investors make better decisions by analyzing market trends and predicting future movements.\n\nAs AI continues to evolve, ethical considerations and the need for robust data privacy measures remain critical. There are ongoing debates about the ethical implications of AI, particularly regarding job displacement and privacy concerns. Ensuring that AI systems are transparent and accountable is essential for gaining public trust and maximizing the benefits of these technologies./Electric vehicles (EVs) are on the rise as more consumers seek sustainable transportation options. Major car manufacturers are expanding their EV lineups, offering models with improved range and performance.\n\nGovernment incentives and advancements in charging infrastructure are also contributing to the growing popularity of electric cars. Tax credits, rebates, and grants are making EVs more affordable for consumers, while investments in charging stations are improving accessibility.\n\nThe development of new battery technologies is enhancing the performance and range of electric vehicles. Innovations such as solid-state batteries and fast-charging capabilities are making EVs more practical for everyday use.\n\nEnvironmental benefits are a major driving force behind the shift to electric vehicles. EVs produce zero emissions, reducing air pollution and contributing to efforts to combat climate change. As awareness of environmental issues grows, more consumers are choosing electric cars as a way to reduce their carbon footprint.\n\nThe auto industry is also investing in autonomous driving technology, which is expected to further transform transportation. Self-driving electric vehicles have the potential to improve safety, reduce traffic congestion, and provide new mobility solutions for people with disabilities or limited access to transportation.\n\nAs the market for electric vehicles continues to grow, it is clear that they are an essential part of the future of transportation. The shift to EVs is not only a technological advancement but also a significant step towards a more sustainable and environmentally friendly world./",
        "username": "ammar"
    },
    {
        "password": "56789",
        "prefrence": "Finance,18/Technology,2/",
        "seen": "The latest advancements in AI are transforming the tech industry. Companies are leveraging machine learning and neural networks to automate processes and gain insights from vast amounts of data. These technologies are being applied in various fields, from healthcare to finance, revolutionizing the way we approach complex problems./",
        "username": "seif"
    },
    {
        "password": "s7s",
        "prefrence": "",
        "seen": "The latest advancements in AI are transforming the tech industry. Companies are leveraging machine learning and neural networks to automate processes and gain insights from vast amounts of data. These technologies are being applied in various fields, from healthcare to finance, revolutionizing the way we approach complex problems./",
        "username": "hussein"
    }
]